Type,Damage,delay,buy,sale,up,UpcountDamage,,,,,,,,,
0,25.000000,1.500000,15,13,23,0
1,25.000000,5.000000,18,15,20,0
2,220.000000,1.500000,23,18,27,0
